path,marker,id
"/","Carlos Muñoz","PERF-01"
"/qa-lab.html","The suite I run on this CV","PERF-02"
"/simulador.html","Run 4-agent sprint","PERF-03"
"/style.css","tailwindcss","PERF-04"
"/js/cv-app.js","initializeApp","PERF-04"
"/favicon.svg","Carlos Muñoz CV","PERF-05"
"/css/cv.css",".trademark","PERF-06"
"/css/site-look.css","html[data-look]","PERF-06"
"/robots.txt","User-agent","PERF-07"
"/sitemap.xml","carlosandmunoz.com","PERF-07"
"/js/qa-lab.js","Run with","PERF-08"
"/js/site-look.js","Golden Gate","PERF-08"
